time,cpu_affinity,pid,rss,cpu,fault_flag
2022-11-30 09:29:00,41551,41551,15645474816,0.0,0
2022-11-30 09:29:00,41625,41625,16449732608,0.0,0
2022-11-30 09:29:00,41481,41481,15680077824,0.0,0
2022-11-30 09:29:00,41827,41827,17841455104,0.0,0
2022-11-30 09:29:00,41410,41410,15671427072,0.0,0
2022-11-30 09:29:00,41693,41693,18253152256,0.0,0
2022-11-30 09:29:00,41413,41413,17065115648,0.0,0
2022-11-30 09:29:00,41619,41619,17707761664,0.0,0
2022-11-30 09:30:00,41551,41551,19425591296,315.52,0
2022-11-30 09:30:00,41625,41625,18595708928,269.14,0
2022-11-30 09:30:00,41481,41481,19688456192,318.51,0
2022-11-30 09:30:00,41827,41827,19266797568,334.64,0
2022-11-30 09:30:00,41410,41410,19795214336,298.32,0
2022-11-30 09:30:00,41693,41693,19884539904,331.74,0
2022-11-30 09:30:00,41413,41413,19798491136,290.46,0
2022-11-30 09:30:00,41619,41619,19716571136,280.28,0
2022-11-30 09:31:00,41551,41551,19779878912,295.3,0
2022-11-30 09:31:00,41625,41625,19816185856,297.38,0
2022-11-30 09:31:00,41481,41481,19712835584,292.29,0
2022-11-30 09:31:00,41827,41827,19293667328,291.66,0
2022-11-30 09:31:00,41410,41410,19890831360,295.18,0
2022-11-30 09:31:00,41693,41693,19921108992,287.77,0
2022-11-30 09:31:00,41413,41413,19892666368,291.71,0
2022-11-30 09:31:00,41619,41619,19741081600,291.52,0
2022-11-30 09:32:00,41551,41551,19779878912,283.33,0
2022-11-30 09:32:00,41625,41625,19816185856,283.54,0
2022-11-30 09:32:00,41481,41481,19712835584,285.48,0
2022-11-30 09:32:00,41827,41827,19293667328,287.49,0
2022-11-30 09:32:00,41410,41410,19890831360,283.81,0
2022-11-30 09:32:00,41693,41693,19921108992,289.24,0
2022-11-30 09:32:00,41413,41413,19892666368,287.35,0
2022-11-30 09:32:00,41619,41619,19741081600,289.93,0
2022-11-30 09:33:00,41551,41551,19779878912,301.59,0
2022-11-30 09:33:00,41625,41625,19816185856,303.24,0
2022-11-30 09:33:00,41481,41481,19712835584,300.94,0
2022-11-30 09:33:00,41827,41827,19293667328,297.67,0
2022-11-30 09:33:00,41410,41410,19890831360,302.54,0
2022-11-30 09:33:00,41693,41693,19921108992,295.75,0
2022-11-30 09:33:00,41413,41413,19892666368,298.2,0
2022-11-30 09:33:00,41619,41619,19741081600,296.36,0
2022-11-30 09:34:00,41551,41551,19788660736,451.56,0
2022-11-30 09:34:00,41625,41625,19824967680,463.26,0
2022-11-30 09:34:00,41481,41481,19722207232,467.63,0
2022-11-30 09:34:00,41827,41827,19302973440,468.78,0
2022-11-30 09:34:00,41410,41410,19891093504,457.11,0
2022-11-30 09:34:00,41693,41693,19930415104,474.46,0
2022-11-30 09:34:00,41413,41413,19901972480,444.0,0
2022-11-30 09:34:00,41619,41619,19750912000,434.0,0
2022-11-30 09:35:00,41551,41551,21860712448,263.52,0
2022-11-30 09:35:00,41625,41625,21894201344,265.0,0
2022-11-30 09:35:00,41481,41481,21791244288,263.4,0
2022-11-30 09:35:00,41827,41827,22007513088,265.22,0
2022-11-30 09:35:00,41410,41410,21968977920,287.8,0
2022-11-30 09:35:00,41693,41693,21999910912,260.52,0
2022-11-30 09:35:00,41413,41413,21973106688,257.89,0
2022-11-30 09:35:00,41619,41619,21820538880,258.84,0
2022-11-30 09:36:00,41551,41551,21883977728,187.09,0
2022-11-30 09:36:00,41625,41625,21917532160,187.17,0
2022-11-30 09:36:00,41481,41481,21814706176,187.48,0
2022-11-30 09:36:00,41827,41827,22030778368,187.32,0
2022-11-30 09:36:00,41410,41410,21992308736,186.6,0
2022-11-30 09:36:00,41693,41693,22023241728,187.22,0
2022-11-30 09:36:00,41413,41413,21996371968,186.93,0
2022-11-30 09:36:00,41619,41619,21844131840,187.34,0
2022-11-30 09:37:00,41551,41551,21883977728,192.39,0
2022-11-30 09:37:00,41625,41625,21917532160,192.55,0
2022-11-30 09:37:00,41481,41481,21814706176,193.06,0
2022-11-30 09:37:00,41827,41827,22030778368,193.18,0
2022-11-30 09:37:00,41410,41410,21992308736,191.24,0
2022-11-30 09:37:00,41693,41693,22023307264,192.66,0
2022-11-30 09:37:00,41413,41413,21996371968,192.73,0
2022-11-30 09:37:00,41619,41619,21844131840,193.34,0
2022-11-30 09:38:00,41551,41551,21883977728,192.61,0
2022-11-30 09:38:00,41625,41625,21917532160,192.75,0
2022-11-30 09:38:00,41481,41481,21814771712,192.95,0
2022-11-30 09:38:00,41827,41827,22030778368,193.1,0
2022-11-30 09:38:00,41410,41410,21992308736,191.53,0
2022-11-30 09:38:00,41693,41693,22023307264,192.99,0
2022-11-30 09:38:00,41413,41413,21996371968,192.81,0
2022-11-30 09:38:00,41619,41619,21844131840,193.42,0
2022-11-30 09:39:00,41551,41551,21883977728,192.21,0
2022-11-30 09:39:00,41625,41625,21917532160,191.89,0
2022-11-30 09:39:00,41481,41481,21814771712,192.39,0
2022-11-30 09:39:00,41827,41827,22030778368,192.77,0
2022-11-30 09:39:00,41410,41410,21992308736,191.23,0
2022-11-30 09:39:00,41693,41693,22023307264,192.4,0
2022-11-30 09:39:00,41413,41413,21996371968,192.26,0
2022-11-30 09:39:00,41619,41619,21844131840,193.09,0
2022-11-30 09:40:00,41551,41551,21883977728,194.08,0
2022-11-30 09:40:00,41625,41625,21917532160,193.86,0
2022-11-30 09:40:00,41481,41481,21814771712,194.39,0
2022-11-30 09:40:00,41827,41827,22030778368,193.91,0
2022-11-30 09:40:00,41410,41410,21992308736,192.78,0
2022-11-30 09:40:00,41693,41693,22023307264,194.11,0
2022-11-30 09:40:00,41413,41413,21996371968,194.06,0
2022-11-30 09:40:00,41619,41619,21844131840,194.26,0
2022-11-30 09:41:00,41551,41551,21883977728,192.39,0
2022-11-30 09:41:00,41625,41625,21917532160,191.94,0
2022-11-30 09:41:00,41481,41481,21814771712,193.19,0
2022-11-30 09:41:00,41827,41827,22030778368,192.67,0
2022-11-30 09:41:00,41410,41410,21992308736,191.12,0
2022-11-30 09:41:00,41693,41693,22023307264,193.0,0
2022-11-30 09:41:00,41413,41413,21996371968,192.39,0
2022-11-30 09:41:00,41619,41619,21844131840,193.27,0
2022-11-30 09:42:00,41551,41551,21884043264,192.71,0
2022-11-30 09:42:00,41625,41625,21917532160,192.55,0
2022-11-30 09:42:00,41481,41481,21814771712,193.99,0
2022-11-30 09:42:00,41827,41827,22030778368,193.37,0
2022-11-30 09:42:00,41410,41410,21992308736,191.67,0
2022-11-30 09:42:00,41693,41693,22023307264,192.96,0
2022-11-30 09:42:00,41413,41413,21996371968,192.63,0
2022-11-30 09:42:00,41619,41619,21844131840,193.75,0
2022-11-30 09:43:00,41551,41551,21884043264,195.84,0
2022-11-30 09:43:00,41625,41625,21917532160,195.17,0
2022-11-30 09:43:00,41481,41481,21814771712,197.02,0
2022-11-30 09:43:00,41827,41827,22030778368,196.46,0
2022-11-30 09:43:00,41410,41410,21992308736,195.02,0
2022-11-30 09:43:00,41693,41693,22023307264,196.82,0
2022-11-30 09:43:00,41413,41413,21996437504,194.55,0
2022-11-30 09:43:00,41619,41619,21844131840,197.32,0
2022-11-30 09:44:00,41551,41551,21884043264,193.43,0
2022-11-30 09:44:00,41625,41625,21917532160,191.63,0
2022-11-30 09:44:00,41481,41481,21814771712,194.61,0
2022-11-30 09:44:00,41827,41827,22030778368,193.95,0
2022-11-30 09:44:00,41410,41410,21992308736,192.93,0
2022-11-30 09:44:00,41693,41693,22023307264,194.12,0
2022-11-30 09:44:00,41413,41413,21996437504,191.91,0
2022-11-30 09:44:00,41619,41619,21844131840,194.52,0
2022-11-30 09:45:00,41551,41551,21884043264,192.6,0
2022-11-30 09:45:00,41625,41625,21917532160,190.53,0
2022-11-30 09:45:00,41481,41481,21814771712,193.83,0
2022-11-30 09:45:00,41827,41827,22030778368,193.42,0
2022-11-30 09:45:00,41410,41410,21992308736,192.14,0
2022-11-30 09:45:00,41693,41693,22023307264,193.53,0
2022-11-30 09:45:00,41413,41413,21996437504,191.03,0
2022-11-30 09:45:00,41619,41619,21844131840,193.62,0
2022-11-30 09:46:00,41551,41551,21884043264,201.0,0
2022-11-30 09:46:00,41625,41625,21917532160,199.59,0
2022-11-30 09:46:00,41481,41481,21814771712,201.32,0
2022-11-30 09:46:00,41827,41827,22030843904,201.26,0
2022-11-30 09:46:00,41410,41410,21992308736,200.21,0
2022-11-30 09:46:00,41693,41693,22023307264,201.21,0
2022-11-30 09:46:00,41413,41413,21996437504,199.89,0
2022-11-30 09:46:00,41619,41619,21844131840,201.38,0
2022-11-30 09:47:00,41551,41551,21884043264,187.63,0
2022-11-30 09:47:00,41625,41625,21917532160,186.56,0
2022-11-30 09:47:00,41481,41481,21814771712,188.73,0
2022-11-30 09:47:00,41827,41827,22030843904,188.03,0
2022-11-30 09:47:00,41410,41410,21992308736,186.87,0
2022-11-30 09:47:00,41693,41693,22023307264,188.27,0
2022-11-30 09:47:00,41413,41413,21996437504,187.36,0
2022-11-30 09:47:00,41619,41619,21844131840,188.66,0
2022-11-30 09:48:00,41551,41551,21884043264,195.86,0
2022-11-30 09:48:00,41625,41625,21917532160,194.48,0
2022-11-30 09:48:00,41481,41481,21814771712,196.58,0
2022-11-30 09:48:00,41827,41827,22030843904,195.57,0
2022-11-30 09:48:00,41410,41410,21992308736,194.52,0
2022-11-30 09:48:00,41693,41693,22023307264,196.05,0
2022-11-30 09:48:00,41413,41413,21996437504,195.79,0
2022-11-30 09:48:00,41619,41619,21844131840,196.66,0
2022-11-30 09:49:00,41551,41551,21884043264,192.99,0
2022-11-30 09:49:00,41625,41625,21917532160,191.52,0
2022-11-30 09:49:00,41481,41481,21814771712,193.94,0
2022-11-30 09:49:00,41827,41827,22030843904,192.43,0
2022-11-30 09:49:00,41410,41410,21992374272,191.98,0
2022-11-30 09:49:00,41693,41693,22023307264,193.74,0
2022-11-30 09:49:00,41413,41413,21996437504,193.19,0
2022-11-30 09:49:00,41619,41619,21844131840,193.99,0
2022-11-30 09:50:00,41551,41551,21884043264,196.43,0
2022-11-30 09:50:00,41625,41625,21917532160,195.32,0
2022-11-30 09:50:00,41481,41481,21814771712,196.89,0
2022-11-30 09:50:00,41827,41827,22030843904,195.45,0
2022-11-30 09:50:00,41410,41410,21992374272,196.04,0
2022-11-30 09:50:00,41693,41693,22023307264,196.77,0
2022-11-30 09:50:00,41413,41413,21996437504,196.07,0
2022-11-30 09:50:00,41619,41619,21844131840,196.64,0
2022-11-30 09:51:00,41551,41551,21884043264,191.88,0
2022-11-30 09:51:00,41625,41625,21917532160,190.11,0
2022-11-30 09:51:00,41481,41481,21814771712,191.3,0
2022-11-30 09:51:00,41827,41827,22030843904,190.33,0
2022-11-30 09:51:00,41410,41410,21992374272,191.46,0
2022-11-30 09:51:00,41693,41693,22023307264,191.87,0
2022-11-30 09:51:00,41413,41413,21996437504,190.33,0
2022-11-30 09:51:00,41619,41619,21844131840,191.97,0
2022-11-30 09:52:00,41551,41551,21884043264,193.37,0
2022-11-30 09:52:00,41625,41625,21917532160,191.38,0
2022-11-30 09:52:00,41481,41481,21814771712,193.14,0
2022-11-30 09:52:00,41827,41827,22030843904,191.53,0
2022-11-30 09:52:00,41410,41410,21992374272,192.94,0
2022-11-30 09:52:00,41693,41693,22023307264,193.59,0
2022-11-30 09:52:00,41413,41413,21996437504,192.55,0
2022-11-30 09:52:00,41619,41619,21844131840,193.39,0
2022-11-30 09:53:00,41551,41551,21884043264,195.0,0
2022-11-30 09:53:00,41625,41625,21917532160,194.04,0
2022-11-30 09:53:00,41481,41481,21814771712,194.98,0
2022-11-30 09:53:00,41827,41827,22030843904,193.78,0
2022-11-30 09:53:00,41410,41410,21992374272,195.05,0
2022-11-30 09:53:00,41693,41693,22023307264,195.07,0
2022-11-30 09:53:00,41413,41413,21996437504,194.79,0
2022-11-30 09:53:00,41619,41619,21844131840,195.18,0
2022-11-30 09:54:00,41551,41551,21884043264,192.27,0
2022-11-30 09:54:00,41625,41625,21917532160,191.8,0
2022-11-30 09:54:00,41481,41481,21814771712,192.09,0
2022-11-30 09:54:00,41827,41827,22030843904,191.4,0
2022-11-30 09:54:00,41410,41410,21992374272,192.33,0
2022-11-30 09:54:00,41693,41693,22023307264,192.3,0
2022-11-30 09:54:00,41413,41413,21996437504,191.51,0
2022-11-30 09:54:00,41619,41619,21844131840,192.31,0
2022-11-30 09:55:00,41551,41551,21884043264,191.3,0
2022-11-30 09:55:00,41625,41625,21917532160,190.8,0
2022-11-30 09:55:00,41481,41481,21814771712,191.32,0
2022-11-30 09:55:00,41827,41827,22030843904,190.91,0
2022-11-30 09:55:00,41410,41410,21992374272,191.29,0
2022-11-30 09:55:00,41693,41693,22023307264,191.58,0
2022-11-30 09:55:00,41413,41413,21996437504,191.11,0
2022-11-30 09:55:00,41619,41619,21844131840,191.49,0
2022-11-30 09:56:00,41551,41551,21884043264,197.78,0
2022-11-30 09:56:00,41625,41625,21917532160,197.08,0
2022-11-30 09:56:00,41481,41481,21814771712,196.68,0
2022-11-30 09:56:00,41827,41827,22030843904,197.1,0
2022-11-30 09:56:00,41410,41410,21992374272,197.95,0
2022-11-30 09:56:00,41693,41693,22023307264,197.82,0
2022-11-30 09:56:00,41413,41413,21996437504,197.36,0
2022-11-30 09:56:00,41619,41619,21844131840,198.04,0
2022-11-30 09:57:00,41551,41551,21879324672,191.55,0
2022-11-30 09:57:00,41625,41625,21912813568,190.86,0
2022-11-30 09:57:00,41481,41481,21810053120,190.69,0
2022-11-30 09:57:00,41827,41827,22026125312,191.11,0
2022-11-30 09:57:00,41410,41410,21987655680,191.83,0
2022-11-30 09:57:00,41693,41693,22018588672,191.7,0
2022-11-30 09:57:00,41413,41413,21991718912,190.65,0
2022-11-30 09:57:00,41619,41619,21839413248,192.08,0
2022-11-30 09:58:00,41551,41551,21884043264,193.65,0
2022-11-30 09:58:00,41625,41625,21917532160,192.85,0
2022-11-30 09:58:00,41481,41481,21814771712,192.52,0
2022-11-30 09:58:00,41827,41827,22030843904,192.66,0
2022-11-30 09:58:00,41410,41410,21992374272,193.0,0
2022-11-30 09:58:00,41693,41693,22023307264,193.32,0
2022-11-30 09:58:00,41413,41413,21996437504,192.06,0
2022-11-30 09:58:00,41619,41619,21844131840,193.41,0
2022-11-30 09:59:00,41551,41551,21884043264,191.31,0
2022-11-30 09:59:00,41625,41625,21917532160,191.4,0
2022-11-30 09:59:00,41481,41481,21814771712,190.83,0
2022-11-30 09:59:00,41827,41827,22030843904,190.78,0
2022-11-30 09:59:00,41410,41410,21992374272,191.39,0
2022-11-30 09:59:00,41693,41693,22023307264,191.59,0
2022-11-30 09:59:00,41413,41413,21996437504,190.25,0
2022-11-30 09:59:00,41619,41619,21844131840,191.78,0
2022-11-30 10:00:00,41551,41551,21884043264,194.4,0
2022-11-30 10:00:00,41625,41625,21917532160,194.66,0
2022-11-30 10:00:00,41481,41481,21814771712,194.31,0
2022-11-30 10:00:00,41827,41827,22030843904,193.69,0
2022-11-30 10:00:00,41410,41410,21992374272,194.61,0
2022-11-30 10:00:00,41693,41693,22023307264,194.82,0
2022-11-30 10:00:00,41413,41413,21996437504,193.29,0
2022-11-30 10:00:00,41619,41619,21844131840,194.58,0
2022-11-30 10:01:00,41551,41551,21884043264,194.5,0
2022-11-30 10:01:00,41625,41625,21917532160,194.31,0
2022-11-30 10:01:00,41481,41481,21814771712,194.19,0
2022-11-30 10:01:00,41827,41827,22030843904,193.66,0
2022-11-30 10:01:00,41410,41410,21992374272,194.68,0
2022-11-30 10:01:00,41693,41693,22023307264,194.51,0
2022-11-30 10:01:00,41413,41413,21996437504,193.45,0
2022-11-30 10:01:00,41619,41619,21844131840,194.89,0
2022-11-30 10:02:00,41551,41551,21884043264,190.61,0
2022-11-30 10:02:00,41625,41625,21917532160,190.51,0
2022-11-30 10:02:00,41481,41481,21814771712,190.39,0
2022-11-30 10:02:00,41827,41827,22030843904,189.33,0
2022-11-30 10:02:00,41410,41410,21992374272,190.84,0
2022-11-30 10:02:00,41693,41693,22023307264,190.65,0
2022-11-30 10:02:00,41413,41413,21996437504,189.43,0
2022-11-30 10:02:00,41619,41619,21844131840,191.04,0
2022-11-30 10:03:00,41551,41551,21884043264,194.98,0
2022-11-30 10:03:00,41625,41625,21917532160,195.51,0
2022-11-30 10:03:00,41481,41481,21814771712,195.17,0
2022-11-30 10:03:00,41827,41827,22030843904,193.93,0
2022-11-30 10:03:00,41410,41410,21992374272,195.61,0
2022-11-30 10:03:00,41693,41693,22023307264,195.66,0
2022-11-30 10:03:00,41413,41413,21996437504,194.26,0
2022-11-30 10:03:00,41619,41619,21844131840,195.8,0
2022-11-30 10:04:00,41551,41551,21884043264,189.82,0
2022-11-30 10:04:00,41625,41625,21917532160,190.29,0
2022-11-30 10:04:00,41481,41481,21814771712,189.92,0
2022-11-30 10:04:00,41827,41827,22030843904,188.88,0
2022-11-30 10:04:00,41410,41410,21992374272,190.48,0
2022-11-30 10:04:00,41693,41693,22023307264,190.47,0
2022-11-30 10:04:00,41413,41413,21996437504,189.04,0
2022-11-30 10:04:00,41619,41619,21844131840,190.58,0
2022-11-30 10:05:00,41551,41551,21884043264,196.16,0
2022-11-30 10:05:00,41625,41625,21917532160,196.78,0
2022-11-30 10:05:00,41481,41481,21814771712,196.5,0
2022-11-30 10:05:00,41827,41827,22030843904,195.75,0
2022-11-30 10:05:00,41410,41410,21992374272,197.11,0
2022-11-30 10:05:00,41693,41693,22023307264,196.41,0
2022-11-30 10:05:00,41413,41413,21996437504,195.37,0
2022-11-30 10:05:00,41619,41619,21844131840,197.45,0
2022-11-30 10:06:00,41551,41551,21884043264,182.53,0
2022-11-30 10:06:00,41625,41625,21917532160,183.76,0
2022-11-30 10:06:00,41481,41481,21814771712,183.32,0
2022-11-30 10:06:00,41827,41827,22030843904,182.71,0
2022-11-30 10:06:00,41410,41410,21992374272,183.89,0
2022-11-30 10:06:00,41693,41693,22023307264,183.8,0
2022-11-30 10:06:00,41413,41413,21996437504,183.84,0
2022-11-30 10:06:00,41619,41619,21844131840,183.53,0
2022-11-30 10:07:00,41551,41551,21884043264,183.64,0
2022-11-30 10:07:00,41625,41625,21917532160,182.95,0
2022-11-30 10:07:00,41481,41481,21814771712,183.47,0
2022-11-30 10:07:00,41827,41827,22030843904,183.81,0
2022-11-30 10:07:00,41410,41410,21992374272,184.5,0
2022-11-30 10:07:00,41693,41693,22023307264,184.24,0
2022-11-30 10:07:00,41413,41413,21996437504,183.11,0
2022-11-30 10:07:00,41619,41619,21844131840,184.8,0
2022-11-30 10:08:00,41551,41551,21884043264,180.85,0
2022-11-30 10:08:00,41625,41625,21917532160,181.16,0
2022-11-30 10:08:00,41481,41481,21814771712,181.51,0
2022-11-30 10:08:00,41827,41827,22030843904,180.15,0
2022-11-30 10:08:00,41410,41410,21992374272,179.94,0
2022-11-30 10:08:00,41693,41693,22023307264,180.72,0
2022-11-30 10:08:00,41413,41413,21996437504,180.84,0
2022-11-30 10:08:00,41619,41619,21844131840,180.9,0
2022-11-30 10:09:00,41551,41551,21884043264,181.43,0
2022-11-30 10:09:00,41625,41625,21917532160,181.77,0
2022-11-30 10:09:00,41481,41481,21814771712,181.99,0
2022-11-30 10:09:00,41827,41827,22030843904,181.11,0
2022-11-30 10:09:00,41410,41410,21992374272,182.48,0
2022-11-30 10:09:00,41693,41693,22023307264,181.22,0
2022-11-30 10:09:00,41413,41413,21996437504,181.61,0
2022-11-30 10:09:00,41619,41619,21844131840,181.01,0
2022-11-30 10:10:00,41551,41551,21884043264,186.84,0
2022-11-30 10:10:00,41625,41625,21917532160,186.2,0
2022-11-30 10:10:00,41481,41481,21814771712,186.81,0
2022-11-30 10:10:00,41827,41827,22030843904,186.28,0
2022-11-30 10:10:00,41410,41410,21992374272,185.88,0
2022-11-30 10:10:00,41693,41693,22023307264,185.7,0
2022-11-30 10:10:00,41413,41413,21996437504,185.78,0
2022-11-30 10:10:00,41619,41619,21844131840,186.49,0
2022-11-30 10:11:00,41551,41551,21884043264,186.32,0
2022-11-30 10:11:00,41625,41625,21917532160,186.51,0
2022-11-30 10:11:00,41481,41481,21814771712,186.24,0
2022-11-30 10:11:00,41827,41827,22030843904,185.63,0
2022-11-30 10:11:00,41410,41410,21992374272,186.1,0
2022-11-30 10:11:00,41693,41693,22023307264,186.56,0
2022-11-30 10:11:00,41413,41413,21996437504,185.35,0
2022-11-30 10:11:00,41619,41619,21844131840,186.42,0
2022-11-30 10:12:00,41551,41551,21884043264,184.56,0
2022-11-30 10:12:00,41625,41625,21917532160,185.35,0
2022-11-30 10:12:00,41481,41481,21814771712,185.24,0
2022-11-30 10:12:00,41827,41827,22030843904,185.59,0
2022-11-30 10:12:00,41410,41410,21992374272,185.08,0
2022-11-30 10:12:00,41693,41693,22023307264,185.69,0
2022-11-30 10:12:00,41413,41413,21996437504,185.76,0
2022-11-30 10:12:00,41619,41619,21844131840,185.84,0
2022-11-30 10:13:00,41551,41551,21884043264,181.22,0
2022-11-30 10:13:00,41625,41625,21917532160,180.57,0
2022-11-30 10:13:00,41481,41481,21814771712,181.82,0
2022-11-30 10:13:00,41827,41827,22030843904,180.76,0
2022-11-30 10:13:00,41410,41410,21992374272,181.25,0
2022-11-30 10:13:00,41693,41693,22023307264,181.72,0
2022-11-30 10:13:00,41413,41413,21996437504,181.63,0
2022-11-30 10:13:00,41619,41619,21844131840,181.24,0
2022-11-30 10:14:00,41551,41551,21884043264,189.93,0
2022-11-30 10:14:00,41625,41625,21917532160,190.3,0
2022-11-30 10:14:00,41481,41481,21814771712,190.58,0
2022-11-30 10:14:00,41827,41827,22030843904,189.49,0
2022-11-30 10:14:00,41410,41410,21992374272,190.32,0
2022-11-30 10:14:00,41693,41693,22023307264,190.65,0
2022-11-30 10:14:00,41413,41413,21996437504,190.53,0
2022-11-30 10:14:00,41619,41619,21844131840,190.2,0
2022-11-30 10:15:00,41551,41551,21884043264,177.91,0
2022-11-30 10:15:00,41625,41625,21917532160,178.09,0
2022-11-30 10:15:00,41481,41481,21814771712,178.37,0
2022-11-30 10:15:00,41827,41827,22030843904,177.39,0
2022-11-30 10:15:00,41410,41410,21992374272,178.32,0
2022-11-30 10:15:00,41693,41693,22023307264,178.22,0
2022-11-30 10:15:00,41413,41413,21996437504,178.33,0
2022-11-30 10:15:00,41619,41619,21844131840,178.84,0
2022-11-30 10:16:00,41551,41551,21884043264,184.2,0
2022-11-30 10:16:00,41625,41625,21917532160,184.19,0
2022-11-30 10:16:00,41481,41481,21814771712,184.89,0
2022-11-30 10:16:00,41827,41827,22030843904,185.15,0
2022-11-30 10:16:00,41410,41410,21992374272,185.19,0
2022-11-30 10:16:00,41693,41693,22023307264,184.69,0
2022-11-30 10:16:00,41413,41413,21996437504,185.45,0
2022-11-30 10:16:00,41619,41619,21844131840,185.34,0
2022-11-30 10:17:00,41551,41551,21884043264,190.27,0
2022-11-30 10:17:00,41625,41625,21917532160,190.37,0
2022-11-30 10:17:00,41481,41481,21814771712,189.62,0
2022-11-30 10:17:00,41827,41827,22030843904,190.06,0
2022-11-30 10:17:00,41410,41410,21992374272,190.78,0
2022-11-30 10:17:00,41693,41693,22023307264,189.75,0
2022-11-30 10:17:00,41413,41413,21996437504,190.04,0
2022-11-30 10:17:00,41619,41619,21844131840,190.16,0
2022-11-30 10:18:00,41551,41551,21884043264,183.38,0
2022-11-30 10:18:00,41625,41625,21917532160,183.8,0
2022-11-30 10:18:00,41481,41481,21814771712,184.14,0
2022-11-30 10:18:00,41827,41827,22030843904,183.75,0
2022-11-30 10:18:00,41410,41410,21992374272,183.45,0
2022-11-30 10:18:00,41693,41693,22023307264,182.96,0
2022-11-30 10:18:00,41413,41413,21996437504,183.83,0
2022-11-30 10:18:00,41619,41619,21844131840,183.35,0
2022-11-30 10:19:00,41551,41551,21942239232,182.63,0
2022-11-30 10:19:00,41625,41625,21917532160,181.38,0
2022-11-30 10:19:00,41481,41481,21814771712,181.87,0
2022-11-30 10:19:00,41827,41827,22030843904,182.49,0
2022-11-30 10:19:00,41410,41410,22024617984,181.63,0
2022-11-30 10:19:00,41693,41693,22023307264,181.96,0
2022-11-30 10:19:00,41413,41413,21996437504,181.75,0
2022-11-30 10:19:00,41619,41619,21844131840,181.17,0
2022-11-30 10:20:00,41551,41551,21884043264,186.37,0
2022-11-30 10:20:00,41625,41625,21917532160,185.0,0
2022-11-30 10:20:00,41481,41481,21814771712,185.61,0
2022-11-30 10:20:00,41827,41827,22030843904,186.79,0
2022-11-30 10:20:00,41410,41410,21992374272,186.37,0
2022-11-30 10:20:00,41693,41693,22023307264,185.98,0
2022-11-30 10:20:00,41413,41413,21996437504,186.09,0
2022-11-30 10:20:00,41619,41619,21844131840,186.56,0
2022-11-30 10:21:00,41551,41551,21884043264,180.45,0
2022-11-30 10:21:00,41625,41625,21917532160,179.45,0
2022-11-30 10:21:00,41481,41481,21814771712,179.8,0
2022-11-30 10:21:00,41827,41827,22030843904,180.41,0
2022-11-30 10:21:00,41410,41410,21992374272,180.22,0
2022-11-30 10:21:00,41693,41693,22023307264,179.77,0
2022-11-30 10:21:00,41413,41413,21996437504,180.54,0
2022-11-30 10:21:00,41619,41619,21844131840,179.14,0
2022-11-30 10:22:00,41551,41551,21884043264,184.74,0
2022-11-30 10:22:00,41625,41625,21917532160,183.27,0
2022-11-30 10:22:00,41481,41481,21814771712,184.5,0
2022-11-30 10:22:00,41827,41827,22030843904,185.2,0
2022-11-30 10:22:00,41410,41410,21992374272,184.89,0
2022-11-30 10:22:00,41693,41693,22023307264,184.93,0
2022-11-30 10:22:00,41413,41413,21996437504,184.5,0
2022-11-30 10:22:00,41619,41619,21844131840,184.35,0
2022-11-30 10:23:00,41551,41551,21884043264,190.31,0
2022-11-30 10:23:00,41625,41625,21917532160,190.23,0
2022-11-30 10:23:00,41481,41481,21814771712,189.72,0
2022-11-30 10:23:00,41827,41827,22030843904,190.22,0
2022-11-30 10:23:00,41410,41410,21992374272,189.88,0
2022-11-30 10:23:00,41693,41693,22023307264,190.66,0
2022-11-30 10:23:00,41413,41413,21996437504,190.16,0
2022-11-30 10:23:00,41619,41619,21844131840,189.85,0
2022-11-30 10:24:00,41551,41551,21884043264,184.24,0
2022-11-30 10:24:00,41625,41625,21917532160,182.93,0
2022-11-30 10:24:00,41481,41481,21814771712,184.28,0
2022-11-30 10:24:00,41827,41827,22030843904,184.39,0
2022-11-30 10:24:00,41410,41410,21992374272,183.37,0
2022-11-30 10:24:00,41693,41693,22023307264,183.06,0
2022-11-30 10:24:00,41413,41413,21996437504,183.28,0
2022-11-30 10:24:00,41619,41619,21844131840,183.17,0
2022-11-30 10:25:00,41551,41551,21879324672,179.93,0
2022-11-30 10:25:00,41625,41625,21912813568,179.09,0
2022-11-30 10:25:00,41481,41481,21810053120,179.91,0
2022-11-30 10:25:00,41827,41827,22026125312,179.74,0
2022-11-30 10:25:00,41410,41410,21987655680,179.26,0
2022-11-30 10:25:00,41693,41693,22018588672,179.34,0
2022-11-30 10:25:00,41413,41413,21991718912,179.23,0
2022-11-30 10:25:00,41619,41619,21839413248,179.1,0
2022-11-30 10:26:00,41551,41551,21884043264,187.06,0
2022-11-30 10:26:00,41625,41625,21917532160,187.13,0
2022-11-30 10:26:00,41481,41481,21814771712,187.25,0
2022-11-30 10:26:00,41827,41827,22030843904,187.66,0
2022-11-30 10:26:00,41410,41410,21992374272,187.3,0
2022-11-30 10:26:00,41693,41693,22023307264,188.17,0
2022-11-30 10:26:00,41413,41413,21996437504,187.21,0
2022-11-30 10:26:00,41619,41619,21844131840,187.53,0
2022-11-30 10:27:00,41551,41551,21884043264,182.26,0
2022-11-30 10:27:00,41625,41625,21917532160,182.61,0
2022-11-30 10:27:00,41481,41481,21814771712,183.05,0
2022-11-30 10:27:00,41827,41827,22030843904,181.89,0
2022-11-30 10:27:00,41410,41410,21992374272,181.23,0
2022-11-30 10:27:00,41693,41693,22023307264,181.15,0
2022-11-30 10:27:00,41413,41413,21996437504,182.41,0
2022-11-30 10:27:00,41619,41619,21844131840,182.09,0
2022-11-30 10:28:00,41551,41551,21884043264,188.54,0
2022-11-30 10:28:00,41625,41625,21917532160,189.37,0
2022-11-30 10:28:00,41481,41481,21814771712,188.35,0
2022-11-30 10:28:00,41827,41827,22030843904,188.69,0
2022-11-30 10:28:00,41410,41410,21925199872,189.32,0
2022-11-30 10:28:00,41693,41693,21962358784,189.73,0
2022-11-30 10:28:00,41413,41413,21862088704,189.49,0
2022-11-30 10:28:00,41619,41619,21727019008,189.25,0
2022-11-30 10:29:00,41551,41551,21884043264,182.79,0
2022-11-30 10:29:00,41625,41625,21917532160,183.96,0
2022-11-30 10:29:00,41481,41481,21814771712,182.53,0
2022-11-30 10:29:00,41827,41827,22030843904,184.29,0
2022-11-30 10:29:00,41410,41410,21992374272,183.03,0
2022-11-30 10:29:00,41693,41693,22023307264,184.37,0
2022-11-30 10:29:00,41413,41413,21996437504,183.72,0
2022-11-30 10:29:00,41619,41619,21844131840,183.73,0
2022-11-30 10:30:00,41551,41551,21884043264,178.84,0
2022-11-30 10:30:00,41625,41625,21917532160,179.41,0
2022-11-30 10:30:00,41481,41481,21814771712,179.93,0
2022-11-30 10:30:00,41827,41827,22030843904,178.97,0
2022-11-30 10:30:00,41410,41410,21992374272,178.83,0
2022-11-30 10:30:00,41693,41693,22023307264,179.85,0
2022-11-30 10:30:00,41413,41413,21996437504,178.87,0
2022-11-30 10:30:00,41619,41619,21844131840,180.12,0
2022-11-30 10:31:00,41551,41551,21884043264,189.8,0
2022-11-30 10:31:00,41625,41625,21917532160,190.02,0
2022-11-30 10:31:00,41481,41481,21814771712,189.51,0
2022-11-30 10:31:00,41827,41827,22030843904,189.98,0
2022-11-30 10:31:00,41410,41410,21992374272,190.23,0
2022-11-30 10:31:00,41693,41693,22023307264,189.72,0
2022-11-30 10:31:00,41413,41413,21996437504,189.7,0
2022-11-30 10:31:00,41619,41619,21844131840,190.37,0
2022-11-30 10:32:00,41551,41551,21884043264,179.45,0
2022-11-30 10:32:00,41625,41625,21917532160,178.63,0
2022-11-30 10:32:00,41481,41481,21814771712,178.48,0
2022-11-30 10:32:00,41827,41827,22030843904,179.07,0
2022-11-30 10:32:00,41410,41410,21992374272,178.95,0
2022-11-30 10:32:00,41693,41693,22023307264,178.62,0
2022-11-30 10:32:00,41413,41413,21996437504,178.9,0
2022-11-30 10:32:00,41619,41619,21844131840,178.95,0
2022-11-30 10:33:00,41551,41551,21884043264,189.36,0
2022-11-30 10:33:00,41625,41625,21917532160,189.37,0
2022-11-30 10:33:00,41481,41481,21814771712,189.2,0
2022-11-30 10:33:00,41827,41827,22030843904,189.59,0
2022-11-30 10:33:00,41410,41410,21992374272,188.61,0
2022-11-30 10:33:00,41693,41693,22023307264,189.08,0
2022-11-30 10:33:00,41413,41413,21996437504,188.88,0
2022-11-30 10:33:00,41619,41619,21844131840,188.9,0
2022-11-30 10:34:00,41551,41551,21884043264,180.03,0
2022-11-30 10:34:00,41625,41625,21917532160,179.16,0
2022-11-30 10:34:00,41481,41481,21814771712,180.29,0
2022-11-30 10:34:00,41827,41827,22030843904,178.93,0
2022-11-30 10:34:00,41410,41410,21992374272,178.47,0
2022-11-30 10:34:00,41693,41693,22023307264,179.41,0
2022-11-30 10:34:00,41413,41413,21996437504,179.06,0
2022-11-30 10:34:00,41619,41619,21844131840,179.43,0
2022-11-30 10:35:00,41551,41551,21884043264,187.11,0
2022-11-30 10:35:00,41625,41625,21917532160,186.07,0
2022-11-30 10:35:00,41481,41481,21814771712,187.63,0
2022-11-30 10:35:00,41827,41827,22030843904,186.68,0
2022-11-30 10:35:00,41410,41410,21992374272,186.13,0
2022-11-30 10:35:00,41693,41693,22023307264,186.43,0
2022-11-30 10:35:00,41413,41413,21996437504,186.62,0
2022-11-30 10:35:00,41619,41619,21844131840,187.13,0
2022-11-30 10:36:00,41551,41551,21884043264,182.08,0
2022-11-30 10:36:00,41625,41625,21917532160,181.62,0
2022-11-30 10:36:00,41481,41481,21814771712,182.17,0
2022-11-30 10:36:00,41827,41827,22030843904,182.0,0
2022-11-30 10:36:00,41410,41410,21992374272,182.24,0
2022-11-30 10:36:00,41693,41693,22023307264,181.87,0
2022-11-30 10:36:00,41413,41413,21996437504,182.23,0
2022-11-30 10:36:00,41619,41619,21844131840,182.52,0
2022-11-30 10:37:00,41551,41551,21884043264,186.39,0
2022-11-30 10:37:00,41625,41625,21917532160,185.97,0
2022-11-30 10:37:00,41481,41481,21814771712,187.43,0
2022-11-30 10:37:00,41827,41827,22030843904,186.65,0
2022-11-30 10:37:00,41410,41410,21992374272,187.26,0
2022-11-30 10:37:00,41693,41693,22023307264,186.46,0
2022-11-30 10:37:00,41413,41413,21996437504,186.37,0
2022-11-30 10:37:00,41619,41619,21844131840,185.91,0
2022-11-30 10:38:00,41551,41551,21884043264,126.61,0
2022-11-30 10:38:00,41625,41625,21917532160,127.22,0
2022-11-30 10:38:00,41481,41481,21814771712,127.54,0
2022-11-30 10:38:00,41827,41827,22030843904,124.09,0
2022-11-30 10:38:00,41410,41410,21992374272,127.07,0
2022-11-30 10:38:00,41693,41693,22023307264,126.51,0
2022-11-30 10:38:00,41413,41413,21996437504,126.16,0
2022-11-30 10:38:00,41619,41619,21844131840,125.68,0
2022-11-30 10:39:00,41551,41551,21916286976,56.33,1
2022-11-30 10:39:00,41625,41625,21917532160,54.38,1
2022-11-30 10:39:00,41481,41481,21844656128,56.35,1
2022-11-30 10:39:00,41827,41827,22028484608,53.28,1
2022-11-30 10:39:00,41410,41410,22028943360,56.62,1
2022-11-30 10:39:00,41693,41693,22023307264,54.86,1
2022-11-30 10:39:00,41413,41413,22017671168,54.2,1
2022-11-30 10:39:00,41619,41619,21895643136,53.99,1
2022-11-30 10:40:00,41551,41551,21884043264,54.63,1
2022-11-30 10:40:00,41625,41625,21917532160,55.61,1
2022-11-30 10:40:00,41481,41481,21814771712,53.96,1
2022-11-30 10:40:00,41827,41827,22030843904,55.83,1
2022-11-30 10:40:00,41410,41410,21992374272,56.18,1
2022-11-30 10:40:00,41693,41693,22023307264,52.44,1
2022-11-30 10:40:00,41413,41413,21996437504,54.11,1
2022-11-30 10:40:00,41619,41619,21844131840,54.96,1
2022-11-30 10:41:00,41551,41551,21879324672,56.33,1
2022-11-30 10:41:00,41625,41625,21912813568,53.2,1
2022-11-30 10:41:00,41481,41481,21810053120,52.94,1
2022-11-30 10:41:00,41827,41827,22026125312,54.41,1
2022-11-30 10:41:00,41410,41410,21987655680,55.75,1
2022-11-30 10:41:00,41693,41693,22018588672,51.69,1
2022-11-30 10:41:00,41413,41413,21991718912,54.96,1
2022-11-30 10:41:00,41619,41619,21839413248,54.01,1
2022-11-30 10:42:00,41551,41551,21884043264,55.03,1
2022-11-30 10:42:00,41625,41625,21917532160,53.5,1
2022-11-30 10:42:00,41481,41481,21814771712,54.32,1
2022-11-30 10:42:00,41827,41827,22030843904,53.33,1
2022-11-30 10:42:00,41410,41410,21992374272,55.86,1
2022-11-30 10:42:00,41693,41693,22023307264,52.62,1
2022-11-30 10:42:00,41413,41413,21996437504,55.8,1
2022-11-30 10:42:00,41619,41619,21844131840,53.66,1
2022-11-30 10:43:00,41551,41551,21884043264,55.73,1
2022-11-30 10:43:00,41625,41625,21917532160,53.82,1
2022-11-30 10:43:00,41481,41481,21814771712,54.32,1
2022-11-30 10:43:00,41827,41827,22030843904,52.96,1
2022-11-30 10:43:00,41410,41410,21992374272,55.09,1
2022-11-30 10:43:00,41693,41693,22023307264,53.3,1
2022-11-30 10:43:00,41413,41413,21996437504,54.75,1
2022-11-30 10:43:00,41619,41619,21844131840,53.76,1
2022-11-30 10:44:00,41551,41551,21884043264,56.84,1
2022-11-30 10:44:00,41625,41625,21917532160,54.81,1
2022-11-30 10:44:00,41481,41481,21814771712,54.58,1
2022-11-30 10:44:00,41827,41827,22030843904,54.88,1
2022-11-30 10:44:00,41410,41410,21992374272,56.26,1
2022-11-30 10:44:00,41693,41693,22023307264,54.94,1
2022-11-30 10:44:00,41413,41413,21996437504,55.41,1
2022-11-30 10:44:00,41619,41619,21844131840,55.96,1
2022-11-30 10:45:00,41551,41551,21884043264,54.51,1
2022-11-30 10:45:00,41625,41625,21917532160,52.77,1
2022-11-30 10:45:00,41481,41481,21814771712,54.25,1
2022-11-30 10:45:00,41827,41827,22030843904,54.36,1
2022-11-30 10:45:00,41410,41410,21992374272,53.76,1
2022-11-30 10:45:00,41693,41693,22023307264,50.21,1
2022-11-30 10:45:00,41413,41413,21996437504,52.39,1
2022-11-30 10:45:00,41619,41619,21844131840,53.7,1
2022-11-30 10:46:00,41551,41551,21884043264,55.92,1
2022-11-30 10:46:00,41625,41625,21917532160,56.2,1
2022-11-30 10:46:00,41481,41481,21814771712,55.81,1
2022-11-30 10:46:00,41827,41827,22030843904,55.67,1
2022-11-30 10:46:00,41410,41410,21992374272,56.39,1
2022-11-30 10:46:00,41693,41693,22023307264,53.97,1
2022-11-30 10:46:00,41413,41413,21996437504,53.7,1
2022-11-30 10:46:00,41619,41619,21844131840,53.94,1
2022-11-30 10:47:00,41551,41551,21884043264,54.1,1
2022-11-30 10:47:00,41625,41625,21917532160,55.07,1
2022-11-30 10:47:00,41481,41481,21814771712,54.76,1
2022-11-30 10:47:00,41827,41827,22030843904,55.16,1
2022-11-30 10:47:00,41410,41410,21992374272,55.85,1
2022-11-30 10:47:00,41693,41693,22023307264,52.48,1
2022-11-30 10:47:00,41413,41413,21996437504,54.43,1
2022-11-30 10:47:00,41619,41619,21844131840,53.42,1
2022-11-30 10:48:00,41551,41551,21883650048,55.75,1
2022-11-30 10:48:00,41625,41625,21941125120,54.36,1
2022-11-30 10:48:00,41481,41481,21857632256,54.8,1
2022-11-30 10:48:00,41827,41827,22067412992,53.9,1
2022-11-30 10:48:00,41410,41410,21987655680,55.42,1
2022-11-30 10:48:00,41693,41693,22044540928,54.01,1
2022-11-30 10:48:00,41413,41413,22034972672,54.69,1
2022-11-30 10:48:00,41619,41619,21844131840,54.28,1
2022-11-30 10:49:00,41551,41551,21884043264,56.7,1
2022-11-30 10:49:00,41625,41625,21917532160,55.73,1
2022-11-30 10:49:00,41481,41481,21814771712,55.51,1
2022-11-30 10:49:00,41827,41827,22030843904,54.26,1
2022-11-30 10:49:00,41410,41410,21992374272,55.01,1
2022-11-30 10:49:00,41693,41693,22023307264,49.69,1
2022-11-30 10:49:00,41413,41413,21996437504,53.67,1
2022-11-30 10:49:00,41619,41619,21844131840,54.88,1
2022-11-30 10:50:00,41551,41551,21884043264,125.47,0
2022-11-30 10:50:00,41625,41625,21917532160,124.93,0
2022-11-30 10:50:00,41481,41481,21814771712,124.28,0
2022-11-30 10:50:00,41827,41827,22030843904,124.35,0
2022-11-30 10:50:00,41410,41410,21992374272,125.2,0
2022-11-30 10:50:00,41693,41693,22023307264,123.58,0
2022-11-30 10:50:00,41413,41413,21996437504,124.82,0
2022-11-30 10:50:00,41619,41619,21844131840,124.72,0
2022-11-30 10:51:00,41551,41551,21884043264,192.64,0
2022-11-30 10:51:00,41625,41625,21917532160,192.1,0
2022-11-30 10:51:00,41481,41481,21814771712,192.37,0
2022-11-30 10:51:00,41827,41827,22030843904,191.71,0
2022-11-30 10:51:00,41410,41410,21992374272,192.73,0
2022-11-30 10:51:00,41693,41693,22023307264,191.76,0
2022-11-30 10:51:00,41413,41413,21996437504,192.61,0
2022-11-30 10:51:00,41619,41619,21844131840,192.47,0
2022-11-30 10:52:00,41551,41551,21884043264,191.38,0
2022-11-30 10:52:00,41625,41625,21917532160,191.14,0
2022-11-30 10:52:00,41481,41481,21814771712,191.72,0
2022-11-30 10:52:00,41827,41827,22030843904,191.56,0
2022-11-30 10:52:00,41410,41410,21992374272,192.38,0
2022-11-30 10:52:00,41693,41693,22023307264,191.55,0
2022-11-30 10:52:00,41413,41413,21996437504,192.32,0
2022-11-30 10:52:00,41619,41619,21844131840,191.65,0
2022-11-30 10:53:00,41551,41551,21884043264,193.86,0
2022-11-30 10:53:00,41625,41625,21917532160,193.77,0
2022-11-30 10:53:00,41481,41481,21814771712,194.09,0
2022-11-30 10:53:00,41827,41827,22030843904,194.52,0
2022-11-30 10:53:00,41410,41410,21992374272,195.11,0
2022-11-30 10:53:00,41693,41693,22023307264,194.79,0
2022-11-30 10:53:00,41413,41413,21996437504,194.65,0
2022-11-30 10:53:00,41619,41619,21844131840,194.13,0
2022-11-30 10:54:00,41551,41551,21884043264,190.43,0
2022-11-30 10:54:00,41625,41625,21917532160,189.98,0
2022-11-30 10:54:00,41481,41481,21814771712,190.19,0
2022-11-30 10:54:00,41827,41827,22030843904,191.28,0
2022-11-30 10:54:00,41410,41410,21992374272,191.65,0
2022-11-30 10:54:00,41693,41693,22023307264,191.71,0
2022-11-30 10:54:00,41413,41413,21996437504,191.02,0
2022-11-30 10:54:00,41619,41619,21844131840,191.29,0
2022-11-30 10:55:00,41551,41551,21884043264,191.56,0
2022-11-30 10:55:00,41625,41625,21917532160,192.68,0
2022-11-30 10:55:00,41481,41481,21814771712,192.17,0
2022-11-30 10:55:00,41827,41827,22030843904,192.58,0
2022-11-30 10:55:00,41410,41410,21992374272,193.1,0
2022-11-30 10:55:00,41693,41693,22023307264,193.1,0
2022-11-30 10:55:00,41413,41413,21996437504,192.24,0
2022-11-30 10:55:00,41619,41619,21844131840,193.4,0
2022-11-30 10:56:00,41551,41551,21884043264,193.3,0
2022-11-30 10:56:00,41625,41625,21917532160,194.8,0
2022-11-30 10:56:00,41481,41481,21814771712,193.45,0
2022-11-30 10:56:00,41827,41827,22030843904,193.23,0
2022-11-30 10:56:00,41410,41410,21992374272,194.3,0
2022-11-30 10:56:00,41693,41693,22023307264,194.62,0
2022-11-30 10:56:00,41413,41413,21996437504,193.23,0
2022-11-30 10:56:00,41619,41619,21844131840,194.64,0
2022-11-30 10:57:00,41551,41551,21884043264,193.64,0
2022-11-30 10:57:00,41625,41625,21917532160,195.45,0
2022-11-30 10:57:00,41481,41481,21814771712,194.05,0
2022-11-30 10:57:00,41827,41827,22030843904,193.64,0
2022-11-30 10:57:00,41410,41410,21992374272,195.0,0
2022-11-30 10:57:00,41693,41693,22023307264,195.39,0
2022-11-30 10:57:00,41413,41413,21996437504,193.2,0
2022-11-30 10:57:00,41619,41619,21844131840,195.26,0
2022-11-30 10:58:00,41551,41551,21884043264,167.94,0
2022-11-30 10:58:00,41625,41625,21917532160,169.36,0
2022-11-30 10:58:00,41481,41481,21814771712,167.64,0
2022-11-30 10:58:00,41827,41827,22030843904,167.38,0
2022-11-30 10:58:00,41410,41410,21992374272,166.98,0
2022-11-30 10:58:00,41693,41693,22023307264,168.98,0
2022-11-30 10:58:00,41413,41413,21996437504,167.19,0
2022-11-30 10:58:00,41619,41619,21844131840,168.98,0
2022-11-30 10:59:00,41551,41551,21884043264,103.26,1
2022-11-30 10:59:00,41625,41625,21917532160,103.33,1
2022-11-30 10:59:00,41481,41481,21814771712,103.29,1
2022-11-30 10:59:00,41827,41827,22030843904,101.74,1
2022-11-30 10:59:00,41410,41410,21992374272,101.91,1
2022-11-30 10:59:00,41693,41693,22023307264,102.48,1
2022-11-30 10:59:00,41413,41413,21996437504,102.71,1
2022-11-30 10:59:00,41619,41619,21844131840,102.0,1
2022-11-30 11:00:00,41551,41551,21884043264,105.41,1
2022-11-30 11:00:00,41625,41625,21917532160,106.1,1
2022-11-30 11:00:00,41481,41481,21814771712,105.8,1
2022-11-30 11:00:00,41827,41827,22030843904,104.98,1
2022-11-30 11:00:00,41410,41410,21992374272,103.6,1
2022-11-30 11:00:00,41693,41693,22023307264,105.76,1
2022-11-30 11:00:00,41413,41413,21996437504,104.38,1
2022-11-30 11:00:00,41619,41619,21844131840,103.65,1
2022-11-30 11:01:00,41551,41551,21884043264,103.79,1
2022-11-30 11:01:00,41625,41625,21917532160,104.55,1
2022-11-30 11:01:00,41481,41481,21814771712,105.0,1
2022-11-30 11:01:00,41827,41827,22030843904,105.15,1
2022-11-30 11:01:00,41410,41410,21992374272,105.66,1
2022-11-30 11:01:00,41693,41693,22023307264,104.7,1
2022-11-30 11:01:00,41413,41413,21996437504,104.61,1
2022-11-30 11:01:00,41619,41619,21844131840,104.12,1
2022-11-30 11:02:00,41551,41551,21884043264,103.0,1
2022-11-30 11:02:00,41625,41625,21917532160,103.45,1
2022-11-30 11:02:00,41481,41481,21814771712,103.46,1
2022-11-30 11:02:00,41827,41827,22030843904,104.0,1
2022-11-30 11:02:00,41410,41410,21992374272,103.13,1
2022-11-30 11:02:00,41693,41693,22023307264,102.96,1
2022-11-30 11:02:00,41413,41413,21996437504,103.69,1
2022-11-30 11:02:00,41619,41619,21844131840,103.1,1
2022-11-30 11:03:00,41551,41551,21884043264,102.65,1
2022-11-30 11:03:00,41625,41625,21917532160,103.47,1
2022-11-30 11:03:00,41481,41481,21814771712,103.14,1
2022-11-30 11:03:00,41827,41827,22030843904,102.9,1
2022-11-30 11:03:00,41410,41410,21992374272,103.28,1
2022-11-30 11:03:00,41693,41693,22023307264,103.6,1
2022-11-30 11:03:00,41413,41413,21996437504,104.6,1
2022-11-30 11:03:00,41619,41619,21844131840,103.86,1
2022-11-30 11:04:00,41551,41551,21884043264,104.05,1
2022-11-30 11:04:00,41625,41625,21917532160,104.9,1
2022-11-30 11:04:00,41481,41481,21814771712,104.55,1
2022-11-30 11:04:00,41827,41827,22030843904,104.09,1
2022-11-30 11:04:00,41410,41410,21992374272,104.6,1
2022-11-30 11:04:00,41693,41693,22023307264,105.82,1
2022-11-30 11:04:00,41413,41413,21996437504,104.89,1
2022-11-30 11:04:00,41619,41619,21844131840,104.66,1
2022-11-30 11:05:00,41551,41551,21884043264,103.91,1
2022-11-30 11:05:00,41625,41625,21917532160,105.09,1
2022-11-30 11:05:00,41481,41481,21814771712,105.13,1
2022-11-30 11:05:00,41827,41827,22030843904,103.69,1
2022-11-30 11:05:00,41410,41410,21992374272,103.49,1
2022-11-30 11:05:00,41693,41693,22023307264,105.31,1
2022-11-30 11:05:00,41413,41413,21996437504,103.82,1
2022-11-30 11:05:00,41619,41619,21844131840,102.7,1
2022-11-30 11:06:00,41551,41551,21884043264,105.16,1
2022-11-30 11:06:00,41625,41625,21917532160,104.75,1
2022-11-30 11:06:00,41481,41481,21814771712,104.74,1
2022-11-30 11:06:00,41827,41827,22030843904,103.99,1
2022-11-30 11:06:00,41410,41410,21992374272,105.06,1
2022-11-30 11:06:00,41693,41693,22023307264,104.69,1
2022-11-30 11:06:00,41413,41413,21996437504,104.74,1
2022-11-30 11:06:00,41619,41619,21844131840,103.36,1
2022-11-30 11:07:00,41551,41551,21884043264,103.0,1
2022-11-30 11:07:00,41625,41625,21917532160,104.09,1
2022-11-30 11:07:00,41481,41481,21814771712,102.16,1
2022-11-30 11:07:00,41827,41827,22030843904,102.79,1
2022-11-30 11:07:00,41410,41410,21992374272,105.05,1
2022-11-30 11:07:00,41693,41693,22023307264,103.93,1
2022-11-30 11:07:00,41413,41413,21996437504,103.48,1
2022-11-30 11:07:00,41619,41619,21844131840,102.26,1
2022-11-30 11:08:00,41551,41551,21884043264,103.63,1
2022-11-30 11:08:00,41625,41625,21917532160,105.61,1
2022-11-30 11:08:00,41481,41481,21814771712,104.23,1
2022-11-30 11:08:00,41827,41827,22030843904,104.42,1
2022-11-30 11:08:00,41410,41410,21992374272,106.03,1
2022-11-30 11:08:00,41693,41693,22023307264,104.74,1
2022-11-30 11:08:00,41413,41413,21996437504,105.5,1
2022-11-30 11:08:00,41619,41619,21844131840,102.94,1
2022-11-30 11:09:00,41551,41551,21884043264,101.97,1
2022-11-30 11:09:00,41625,41625,21917532160,104.01,1
2022-11-30 11:09:00,41481,41481,21814771712,103.81,1
2022-11-30 11:09:00,41827,41827,22030843904,102.48,1
2022-11-30 11:09:00,41410,41410,21992374272,103.8,1
2022-11-30 11:09:00,41693,41693,22023307264,103.5,1
2022-11-30 11:09:00,41413,41413,21996437504,103.76,1
2022-11-30 11:09:00,41619,41619,21844131840,103.46,1
2022-11-30 11:10:00,41551,41551,21884043264,103.42,1
2022-11-30 11:10:00,41625,41625,21917532160,104.66,1
2022-11-30 11:10:00,41481,41481,21814771712,103.79,1
2022-11-30 11:10:00,41827,41827,22030843904,104.55,1
2022-11-30 11:10:00,41410,41410,21992374272,105.52,1
2022-11-30 11:10:00,41693,41693,22023307264,104.57,1
2022-11-30 11:10:00,41413,41413,21996437504,104.73,1
2022-11-30 11:10:00,41619,41619,21844131840,103.3,1
2022-11-30 11:11:00,41551,41551,21884043264,103.53,1
2022-11-30 11:11:00,41625,41625,21917532160,103.62,1
2022-11-30 11:11:00,41481,41481,21814771712,103.57,1
2022-11-30 11:11:00,41827,41827,22030843904,103.66,1
2022-11-30 11:11:00,41410,41410,21992374272,104.64,1
2022-11-30 11:11:00,41693,41693,22023307264,104.18,1
2022-11-30 11:11:00,41413,41413,21996437504,105.1,1
2022-11-30 11:11:00,41619,41619,21844131840,101.88,1
2022-11-30 11:12:00,41551,41551,21884043264,103.55,0
2022-11-30 11:12:00,41625,41625,21917532160,103.88,0
2022-11-30 11:12:00,41481,41481,21814771712,104.69,0
2022-11-30 11:12:00,41827,41827,22030843904,104.08,0
2022-11-30 11:12:00,41410,41410,21992374272,104.67,0
2022-11-30 11:12:00,41693,41693,22023307264,104.8,0
2022-11-30 11:12:00,41413,41413,21996437504,106.2,0
2022-11-30 11:12:00,41619,41619,21844131840,103.87,0
2022-11-30 11:13:00,41551,41551,21884043264,186.6,0
2022-11-30 11:13:00,41625,41625,21917532160,186.37,0
2022-11-30 11:13:00,41481,41481,21814771712,187.14,0
2022-11-30 11:13:00,41827,41827,22030843904,186.54,0
2022-11-30 11:13:00,41410,41410,21992374272,186.93,0
2022-11-30 11:13:00,41693,41693,22023307264,186.97,0
2022-11-30 11:13:00,41413,41413,21996437504,186.08,0
2022-11-30 11:13:00,41619,41619,21844131840,186.32,0
2022-11-30 11:14:00,41551,41551,21884043264,194.31,0
2022-11-30 11:14:00,41625,41625,21917532160,194.99,0
2022-11-30 11:14:00,41481,41481,21814771712,194.7,0
2022-11-30 11:14:00,41827,41827,22030843904,193.7,0
2022-11-30 11:14:00,41410,41410,21992374272,194.32,0
2022-11-30 11:14:00,41693,41693,22023307264,194.6,0
2022-11-30 11:14:00,41413,41413,21996437504,194.13,0
2022-11-30 11:14:00,41619,41619,21844131840,195.01,0
2022-11-30 11:15:00,41551,41551,21884043264,193.31,0
2022-11-30 11:15:00,41625,41625,21917532160,193.34,0
2022-11-30 11:15:00,41481,41481,21814771712,193.28,0
2022-11-30 11:15:00,41827,41827,22030843904,192.36,0
2022-11-30 11:15:00,41410,41410,21992374272,193.18,0
2022-11-30 11:15:00,41693,41693,22023307264,193.47,0
2022-11-30 11:15:00,41413,41413,21996437504,192.28,0
2022-11-30 11:15:00,41619,41619,21844131840,192.22,0
2022-11-30 11:16:00,41551,41551,21884043264,192.87,0
2022-11-30 11:16:00,41625,41625,21917532160,193.06,0
2022-11-30 11:16:00,41481,41481,21814771712,193.32,0
2022-11-30 11:16:00,41827,41827,22030843904,192.15,0
2022-11-30 11:16:00,41410,41410,21992374272,193.28,0
2022-11-30 11:16:00,41693,41693,22023307264,193.43,0
2022-11-30 11:16:00,41413,41413,21996437504,192.07,0
2022-11-30 11:16:00,41619,41619,21844131840,191.88,0
2022-11-30 11:17:00,41551,41551,21884043264,193.35,0
2022-11-30 11:17:00,41625,41625,21917532160,193.38,0
2022-11-30 11:17:00,41481,41481,21814771712,193.36,0
2022-11-30 11:17:00,41827,41827,22030843904,192.66,0
2022-11-30 11:17:00,41410,41410,21992374272,193.2,0
2022-11-30 11:17:00,41693,41693,22023307264,193.44,0
2022-11-30 11:17:00,41413,41413,21996437504,192.23,0
2022-11-30 11:17:00,41619,41619,21844131840,192.86,0
2022-11-30 11:18:00,41551,41551,21884043264,192.82,0
2022-11-30 11:18:00,41625,41625,21917532160,192.75,0
2022-11-30 11:18:00,41481,41481,21814771712,193.24,0
2022-11-30 11:18:00,41827,41827,22030843904,192.94,0
2022-11-30 11:18:00,41410,41410,21992374272,192.99,0
2022-11-30 11:18:00,41693,41693,22023307264,192.73,0
2022-11-30 11:18:00,41413,41413,21996437504,191.64,0
2022-11-30 11:18:00,41619,41619,21844131840,192.1,0
2022-11-30 11:19:00,41551,41551,21884043264,194.71,0
2022-11-30 11:19:00,41625,41625,21917532160,194.82,0
2022-11-30 11:19:00,41481,41481,21814771712,195.7,0
2022-11-30 11:19:00,41827,41827,22030843904,194.92,0
2022-11-30 11:19:00,41410,41410,21992374272,195.41,0
2022-11-30 11:19:00,41693,41693,22023307264,195.24,0
2022-11-30 11:19:00,41413,41413,21996437504,193.5,0
2022-11-30 11:19:00,41619,41619,21844131840,193.83,0
2022-11-30 11:20:00,41551,41551,21879324672,192.43,0
2022-11-30 11:20:00,41625,41625,21921464320,192.5,0
2022-11-30 11:20:00,41481,41481,21810053120,192.92,0
2022-11-30 11:20:00,41827,41827,22026125312,192.75,0
2022-11-30 11:20:00,41410,41410,21991981056,192.9,0
2022-11-30 11:20:00,41693,41693,22040215552,192.38,0
2022-11-30 11:20:00,41413,41413,22041657344,191.54,0
2022-11-30 11:20:00,41619,41619,21844131840,191.44,0
2022-11-30 11:21:00,41551,41551,21894660096,183.37,0
2022-11-30 11:21:00,41625,41625,21917532160,183.83,0
2022-11-30 11:21:00,41481,41481,21821063168,180.01,0
2022-11-30 11:21:00,41827,41827,22060728320,181.8,0
2022-11-30 11:21:00,41410,41410,22041919488,183.15,0
2022-11-30 11:21:00,41693,41693,22023307264,180.49,0
2022-11-30 11:21:00,41413,41413,21996437504,179.21,0
2022-11-30 11:21:00,41619,41619,21844131840,181.07,0
2022-11-30 11:22:00,41551,41551,21881683968,95.58,1
2022-11-30 11:22:00,41625,41625,21923823616,95.56,1
2022-11-30 11:22:00,41481,41481,21816737792,95.75,1
2022-11-30 11:22:00,41827,41827,22026125312,95.56,1
2022-11-30 11:22:00,41410,41410,21987655680,96.1,1
2022-11-30 11:22:00,41693,41693,22020947968,95.5,1
2022-11-30 11:22:00,41413,41413,21994078208,96.07,1
2022-11-30 11:22:00,41619,41619,21885026304,94.99,1
2022-11-30 11:23:00,41551,41551,21884043264,140.38,1
2022-11-30 11:23:00,41625,41625,21917532160,140.65,1
2022-11-30 11:23:00,41481,41481,21814771712,142.18,1
2022-11-30 11:23:00,41827,41827,22030843904,140.94,1
2022-11-30 11:23:00,41410,41410,21992374272,141.14,1
2022-11-30 11:23:00,41693,41693,22023307264,140.72,1
2022-11-30 11:23:00,41413,41413,21996437504,138.95,1
2022-11-30 11:23:00,41619,41619,21844131840,140.6,1
2022-11-30 11:24:00,41551,41551,21879324672,111.2,1
2022-11-30 11:24:00,41625,41625,21912813568,112.27,1
2022-11-30 11:24:00,41481,41481,21812412416,112.05,1
2022-11-30 11:24:00,41827,41827,22026125312,111.44,1
2022-11-30 11:24:00,41410,41410,22000631808,111.86,1
2022-11-30 11:24:00,41693,41693,22020947968,112.34,1
2022-11-30 11:24:00,41413,41413,21994078208,111.75,1
2022-11-30 11:24:00,41619,41619,21856714752,112.1,1
2022-11-30 11:25:00,41551,41551,21884043264,100.23,1
2022-11-30 11:25:00,41625,41625,21917532160,99.97,1
2022-11-30 11:25:00,41481,41481,21814771712,100.09,1
2022-11-30 11:25:00,41827,41827,22030843904,100.97,1
2022-11-30 11:25:00,41410,41410,21992374272,100.05,1
2022-11-30 11:25:00,41693,41693,22023307264,100.29,1
2022-11-30 11:25:00,41413,41413,21996437504,99.79,1
2022-11-30 11:25:00,41619,41619,21844131840,101.27,1
2022-11-30 11:26:00,41551,41551,21884043264,120.24,1
2022-11-30 11:26:00,41625,41625,21917532160,119.04,1
2022-11-30 11:26:00,41481,41481,21814771712,120.36,1
2022-11-30 11:26:00,41827,41827,22030843904,119.03,1
2022-11-30 11:26:00,41410,41410,21992374272,119.76,1
2022-11-30 11:26:00,41693,41693,22023307264,119.71,1
2022-11-30 11:26:00,41413,41413,21996437504,119.41,1
2022-11-30 11:26:00,41619,41619,21844131840,120.12,1
2022-11-30 11:27:00,41551,41551,21884043264,132.08,1
2022-11-30 11:27:00,41625,41625,21917532160,132.29,1
2022-11-30 11:27:00,41481,41481,21814771712,132.08,1
2022-11-30 11:27:00,41827,41827,22030843904,131.95,1
2022-11-30 11:27:00,41410,41410,21992374272,133.88,1
2022-11-30 11:27:00,41693,41693,22023307264,131.52,1
2022-11-30 11:27:00,41413,41413,21996437504,131.61,1
2022-11-30 11:27:00,41619,41619,21844131840,133.53,1
2022-11-30 11:28:00,41551,41551,21884043264,105.81,1
2022-11-30 11:28:00,41625,41625,21917532160,107.14,1
2022-11-30 11:28:00,41481,41481,21814771712,107.51,1
2022-11-30 11:28:00,41827,41827,22030843904,107.03,1
2022-11-30 11:28:00,41410,41410,21992374272,107.91,1
2022-11-30 11:28:00,41693,41693,22023307264,106.99,1
2022-11-30 11:28:00,41413,41413,21996437504,107.58,1
2022-11-30 11:28:00,41619,41619,21844131840,106.69,1
2022-11-30 11:29:00,41551,41551,21884043264,130.89,1
2022-11-30 11:29:00,41625,41625,21917532160,133.65,1
2022-11-30 11:29:00,41481,41481,21814771712,131.82,1
2022-11-30 11:29:00,41827,41827,22030843904,133.84,1
2022-11-30 11:29:00,41410,41410,21992374272,132.59,1
2022-11-30 11:29:00,41693,41693,22023307264,131.04,1
2022-11-30 11:29:00,41413,41413,21996437504,133.3,1
2022-11-30 11:29:00,41619,41619,21844131840,132.17,1
2022-11-30 11:30:00,41551,41551,21884043264,117.53,0
2022-11-30 11:30:00,41625,41625,21917532160,118.7,0
2022-11-30 11:30:00,41481,41481,21814771712,118.81,0
2022-11-30 11:30:00,41827,41827,22030843904,118.21,0
2022-11-30 11:30:00,41410,41410,21992374272,118.69,0
2022-11-30 11:30:00,41693,41693,22023307264,118.31,0
2022-11-30 11:30:00,41413,41413,21996437504,118.83,0
2022-11-30 11:30:00,41619,41619,21844131840,118.71,0
2022-11-30 11:31:00,41551,41551,21884043264,190.86,0
2022-11-30 11:31:00,41625,41625,21917532160,190.47,0
2022-11-30 11:31:00,41481,41481,21814771712,191.32,0
2022-11-30 11:31:00,41827,41827,22030843904,190.73,0
2022-11-30 11:31:00,41410,41410,21992374272,191.4,0
2022-11-30 11:31:00,41693,41693,22023307264,190.73,0
2022-11-30 11:31:00,41413,41413,21996437504,191.0,0
2022-11-30 11:31:00,41619,41619,21844131840,190.89,0
2022-11-30 11:32:00,41551,41551,21884043264,194.04,0
2022-11-30 11:32:00,41625,41625,21917532160,193.32,0
2022-11-30 11:32:00,41481,41481,21814771712,194.16,0
2022-11-30 11:32:00,41827,41827,22030843904,193.51,0
2022-11-30 11:32:00,41410,41410,21992374272,193.97,0
2022-11-30 11:32:00,41693,41693,22023307264,194.24,0
2022-11-30 11:32:00,41413,41413,21996437504,193.64,0
2022-11-30 11:32:00,41619,41619,21844131840,193.84,0
2022-11-30 11:33:00,41551,41551,21884043264,191.4,0
2022-11-30 11:33:00,41625,41625,21917532160,191.01,0
2022-11-30 11:33:00,41481,41481,21814771712,191.55,0
2022-11-30 11:33:00,41827,41827,22030843904,190.66,0
2022-11-30 11:33:00,41410,41410,21992374272,191.07,0
2022-11-30 11:33:00,41693,41693,22023307264,192.28,0
2022-11-30 11:33:00,41413,41413,21996437504,191.33,0
2022-11-30 11:33:00,41619,41619,21844131840,191.1,0
2022-11-30 11:34:00,41551,41551,21884043264,202.98,0
2022-11-30 11:34:00,41625,41625,21917532160,203.52,0
2022-11-30 11:34:00,41481,41481,21814771712,203.42,0
2022-11-30 11:34:00,41827,41827,22030843904,202.98,0
2022-11-30 11:34:00,41410,41410,21992374272,202.77,0
2022-11-30 11:34:00,41693,41693,22023307264,203.25,0
2022-11-30 11:34:00,41413,41413,21996437504,203.03,0
2022-11-30 11:34:00,41619,41619,21844131840,203.12,0
2022-11-30 11:35:00,41551,41551,21884043264,182.33,0
2022-11-30 11:35:00,41625,41625,21917532160,183.0,0
2022-11-30 11:35:00,41481,41481,21814771712,183.05,0
2022-11-30 11:35:00,41827,41827,22030843904,182.44,0
2022-11-30 11:35:00,41410,41410,21992374272,182.31,0
2022-11-30 11:35:00,41693,41693,22023307264,182.8,0
2022-11-30 11:35:00,41413,41413,21996437504,182.83,0
2022-11-30 11:35:00,41619,41619,21844131840,183.24,0
2022-11-30 11:36:00,41551,41551,21884043264,192.13,0
2022-11-30 11:36:00,41625,41625,21917532160,192.21,0
2022-11-30 11:36:00,41481,41481,21814771712,193.26,0
2022-11-30 11:36:00,41827,41827,22030843904,192.53,0
2022-11-30 11:36:00,41410,41410,21992374272,192.12,0
2022-11-30 11:36:00,41693,41693,22023307264,193.02,0
2022-11-30 11:36:00,41413,41413,21996437504,192.94,0
2022-11-30 11:36:00,41619,41619,21844131840,192.9,0
2022-11-30 11:37:00,41551,41551,21884043264,194.23,0
2022-11-30 11:37:00,41625,41625,21917532160,193.72,0
2022-11-30 11:37:00,41481,41481,21814771712,195.05,0
2022-11-30 11:37:00,41827,41827,22030843904,194.27,0
2022-11-30 11:37:00,41410,41410,21992374272,194.9,0
2022-11-30 11:37:00,41693,41693,22023307264,195.77,0
2022-11-30 11:37:00,41413,41413,21996437504,194.91,0
2022-11-30 11:37:00,41619,41619,21844131840,194.44,0
2022-11-30 11:38:00,41551,41551,21884043264,192.92,0
2022-11-30 11:38:00,41625,41625,21917532160,192.05,0
2022-11-30 11:38:00,41481,41481,21814771712,193.21,0
2022-11-30 11:38:00,41827,41827,22030843904,192.26,0
2022-11-30 11:38:00,41410,41410,21992374272,193.2,0
2022-11-30 11:38:00,41693,41693,22023307264,193.74,0
2022-11-30 11:38:00,41413,41413,21996437504,193.42,0
2022-11-30 11:38:00,41619,41619,21844131840,192.7,0
2022-11-30 11:39:00,41551,41551,21884043264,193.8,0
2022-11-30 11:39:00,41625,41625,21917532160,192.74,0
2022-11-30 11:39:00,41481,41481,21814771712,193.88,0
2022-11-30 11:39:00,41827,41827,22030843904,193.11,0
2022-11-30 11:39:00,41410,41410,21992374272,193.19,0
2022-11-30 11:39:00,41693,41693,22023307264,193.71,0
2022-11-30 11:39:00,41413,41413,21996437504,193.79,0
2022-11-30 11:39:00,41619,41619,21844131840,193.69,0
2022-11-30 11:40:00,41551,41551,21884043264,191.38,0
2022-11-30 11:40:00,41625,41625,21917532160,190.37,0
2022-11-30 11:40:00,41481,41481,21814771712,191.47,0
2022-11-30 11:40:00,41827,41827,22030843904,190.72,0
2022-11-30 11:40:00,41410,41410,21992374272,190.53,0
2022-11-30 11:40:00,41693,41693,22023307264,191.52,0
2022-11-30 11:40:00,41413,41413,21996437504,191.27,0
2022-11-30 11:40:00,41619,41619,21844131840,191.2,0
2022-11-30 11:41:00,41551,41551,21884043264,192.01,0
2022-11-30 11:41:00,41625,41625,21917532160,191.29,0
2022-11-30 11:41:00,41481,41481,21814771712,192.69,0
2022-11-30 11:41:00,41827,41827,22030843904,191.84,0
2022-11-30 11:41:00,41410,41410,21992374272,191.3,0
2022-11-30 11:41:00,41693,41693,22023307264,192.43,0
2022-11-30 11:41:00,41413,41413,21996437504,192.12,0
2022-11-30 11:41:00,41619,41619,21844131840,191.82,0
2022-11-30 11:42:00,41551,41551,21884043264,194.08,0
2022-11-30 11:42:00,41625,41625,21917532160,193.97,0
2022-11-30 11:42:00,41481,41481,21814771712,195.01,0
2022-11-30 11:42:00,41827,41827,22030843904,194.45,0
2022-11-30 11:42:00,41410,41410,21992374272,193.6,0
2022-11-30 11:42:00,41693,41693,22023307264,194.67,0
2022-11-30 11:42:00,41413,41413,21996437504,194.48,0
2022-11-30 11:42:00,41619,41619,21844131840,194.41,0
2022-11-30 11:43:00,41551,41551,21884043264,190.92,0
2022-11-30 11:43:00,41625,41625,21917532160,189.96,0
2022-11-30 11:43:00,41481,41481,21814771712,191.26,0
2022-11-30 11:43:00,41827,41827,22030843904,190.67,0
2022-11-30 11:43:00,41410,41410,21992374272,189.54,0
2022-11-30 11:43:00,41693,41693,22023307264,191.16,0
2022-11-30 11:43:00,41413,41413,21996437504,190.55,0
2022-11-30 11:43:00,41619,41619,21844131840,190.69,0
2022-11-30 11:44:00,41551,41551,21884043264,194.89,0
2022-11-30 11:44:00,41625,41625,21917532160,194.09,0
2022-11-30 11:44:00,41481,41481,21814771712,195.17,0
2022-11-30 11:44:00,41827,41827,22030843904,194.47,0
2022-11-30 11:44:00,41410,41410,21992374272,193.31,0
2022-11-30 11:44:00,41693,41693,22023307264,194.9,0
2022-11-30 11:44:00,41413,41413,21996437504,194.29,0
2022-11-30 11:44:00,41619,41619,21844131840,194.61,0
2022-11-30 11:45:00,41551,41551,21884043264,192.1,0
2022-11-30 11:45:00,41625,41625,21917532160,191.13,0
2022-11-30 11:45:00,41481,41481,21814771712,191.8,0
2022-11-30 11:45:00,41827,41827,22030843904,191.6,0
2022-11-30 11:45:00,41410,41410,21992374272,190.42,0
2022-11-30 11:45:00,41693,41693,22023307264,191.98,0
2022-11-30 11:45:00,41413,41413,21996437504,191.67,0
2022-11-30 11:45:00,41619,41619,21844131840,191.82,0
2022-11-30 11:46:00,41551,41551,21884043264,191.9,0
2022-11-30 11:46:00,41625,41625,21917532160,190.84,0
2022-11-30 11:46:00,41481,41481,21814771712,191.57,0
2022-11-30 11:46:00,41827,41827,22030843904,191.88,0
2022-11-30 11:46:00,41410,41410,21992374272,190.71,0
2022-11-30 11:46:00,41693,41693,22023307264,191.86,0
2022-11-30 11:46:00,41413,41413,21996437504,191.79,0
2022-11-30 11:46:00,41619,41619,21844131840,192.03,0
2022-11-30 11:47:00,41551,41551,21884043264,195.24,0
2022-11-30 11:47:00,41625,41625,21917532160,193.87,0
2022-11-30 11:47:00,41481,41481,21814771712,195.06,0
2022-11-30 11:47:00,41827,41827,22030843904,194.96,0
2022-11-30 11:47:00,41410,41410,21992374272,193.84,0
2022-11-30 11:47:00,41693,41693,22023307264,194.99,0
2022-11-30 11:47:00,41413,41413,21996437504,194.95,0
2022-11-30 11:47:00,41619,41619,21844131840,195.24,0
2022-11-30 11:48:00,41551,41551,21884043264,192.96,0
2022-11-30 11:48:00,41625,41625,21917532160,192.53,0
2022-11-30 11:48:00,41481,41481,21814771712,192.78,0
2022-11-30 11:48:00,41827,41827,22030843904,192.66,0
2022-11-30 11:48:00,41410,41410,21992374272,192.3,0
2022-11-30 11:48:00,41693,41693,22023307264,192.7,0
2022-11-30 11:48:00,41413,41413,21996437504,192.59,0
2022-11-30 11:48:00,41619,41619,21844131840,192.83,0
2022-11-30 11:49:00,41551,41551,21884043264,192.01,0
2022-11-30 11:49:00,41625,41625,21917532160,191.83,0
2022-11-30 11:49:00,41481,41481,21814771712,191.35,0
2022-11-30 11:49:00,41827,41827,22030843904,191.75,0
2022-11-30 11:49:00,41410,41410,21992374272,192.19,0
2022-11-30 11:49:00,41693,41693,22023307264,192.02,0
2022-11-30 11:49:00,41413,41413,21996437504,191.83,0
2022-11-30 11:49:00,41619,41619,21844131840,192.44,0
2022-11-30 11:50:00,41551,41551,21884043264,193.91,0
2022-11-30 11:50:00,41625,41625,21917532160,193.72,0
2022-11-30 11:50:00,41481,41481,21814771712,192.98,0
2022-11-30 11:50:00,41827,41827,22030843904,193.57,0
2022-11-30 11:50:00,41410,41410,21992374272,193.86,0
2022-11-30 11:50:00,41693,41693,22023307264,193.65,0
2022-11-30 11:50:00,41413,41413,21996437504,193.0,0
2022-11-30 11:50:00,41619,41619,21844131840,194.01,0
2022-11-30 11:51:00,41551,41551,21884043264,195.58,0
2022-11-30 11:51:00,41625,41625,21917532160,195.51,0
2022-11-30 11:51:00,41481,41481,21814771712,194.29,0
2022-11-30 11:51:00,41827,41827,22030843904,194.65,0
2022-11-30 11:51:00,41410,41410,21992374272,195.5,0
2022-11-30 11:51:00,41693,41693,22023307264,195.45,0
2022-11-30 11:51:00,41413,41413,21996437504,193.1,0
2022-11-30 11:51:00,41619,41619,21844131840,194.81,0
2022-11-30 11:52:00,41551,41551,21819949056,193.06,0
2022-11-30 11:52:00,41625,41625,21917532160,192.73,0
2022-11-30 11:52:00,41481,41481,21747597312,192.1,0
2022-11-30 11:52:00,41827,41827,21896495104,192.38,0
2022-11-30 11:52:00,41410,41410,21888237568,191.9,0
2022-11-30 11:52:00,41693,41693,21888958464,193.04,0
2022-11-30 11:52:00,41413,41413,21862088704,191.63,0
2022-11-30 11:52:00,41619,41619,21709783040,192.59,0
2022-11-30 11:53:00,41551,41551,21884043264,190.67,0
2022-11-30 11:53:00,41625,41625,21917532160,190.18,0
2022-11-30 11:53:00,41481,41481,21814771712,190.52,0
2022-11-30 11:53:00,41827,41827,22030843904,190.16,0
2022-11-30 11:53:00,41410,41410,21992374272,188.81,0
2022-11-30 11:53:00,41693,41693,22023307264,190.48,0
2022-11-30 11:53:00,41413,41413,21996437504,189.42,0
2022-11-30 11:53:00,41619,41619,21844131840,190.35,0
2022-11-30 11:54:00,41551,41551,21884043264,196.93,0
2022-11-30 11:54:00,41625,41625,21917532160,196.58,0
2022-11-30 11:54:00,41481,41481,21814771712,197.3,0
2022-11-30 11:54:00,41827,41827,22030843904,196.81,0
2022-11-30 11:54:00,41410,41410,21992374272,196.08,0
2022-11-30 11:54:00,41693,41693,22023307264,196.94,0
2022-11-30 11:54:00,41413,41413,21996437504,196.74,0
2022-11-30 11:54:00,41619,41619,21844131840,197.23,0
2022-11-30 11:55:00,41551,41551,21884043264,193.61,0
2022-11-30 11:55:00,41625,41625,21917532160,193.18,0
2022-11-30 11:55:00,41481,41481,21814771712,193.57,0
2022-11-30 11:55:00,41827,41827,22030843904,192.91,0
2022-11-30 11:55:00,41410,41410,21992374272,193.21,0
2022-11-30 11:55:00,41693,41693,22023307264,193.5,0
2022-11-30 11:55:00,41413,41413,21996437504,193.16,0
2022-11-30 11:55:00,41619,41619,21844131840,193.54,0
2022-11-30 11:56:00,41551,41551,21884043264,194.87,0
2022-11-30 11:56:00,41625,41625,21917532160,194.63,0
2022-11-30 11:56:00,41481,41481,21814771712,195.2,0
2022-11-30 11:56:00,41827,41827,22030843904,194.89,0
2022-11-30 11:56:00,41410,41410,21992374272,194.77,0
2022-11-30 11:56:00,41693,41693,22023307264,194.88,0
2022-11-30 11:56:00,41413,41413,21996437504,194.79,0
2022-11-30 11:56:00,41619,41619,21844131840,195.09,0
2022-11-30 11:57:00,41551,41551,21884043264,190.53,0
2022-11-30 11:57:00,41625,41625,21917532160,190.02,0
2022-11-30 11:57:00,41481,41481,21814771712,190.47,0
2022-11-30 11:57:00,41827,41827,22030843904,190.07,0
2022-11-30 11:57:00,41410,41410,21992374272,189.84,0
2022-11-30 11:57:00,41693,41693,22023307264,190.38,0
2022-11-30 11:57:00,41413,41413,21996437504,189.86,0
2022-11-30 11:57:00,41619,41619,21844131840,190.13,0
2022-11-30 11:58:00,41551,41551,21884043264,195.14,0
2022-11-30 11:58:00,41625,41625,21917532160,194.8,0
2022-11-30 11:58:00,41481,41481,21814771712,195.64,0
2022-11-30 11:58:00,41827,41827,22030843904,195.18,0
2022-11-30 11:58:00,41410,41410,21992374272,195.2,0
2022-11-30 11:58:00,41693,41693,22023307264,195.34,0
2022-11-30 11:58:00,41413,41413,21996437504,194.99,0
2022-11-30 11:58:00,41619,41619,21844131840,195.44,0
2022-11-30 11:59:00,41551,41551,21884436480,192.77,0
2022-11-30 11:59:00,41625,41625,21917925376,192.09,0
2022-11-30 11:59:00,41481,41481,21815164928,193.0,0
2022-11-30 11:59:00,41827,41827,22031237120,192.24,0
2022-11-30 11:59:00,41410,41410,21992767488,192.55,0
2022-11-30 11:59:00,41693,41693,22023700480,192.62,0
2022-11-30 11:59:00,41413,41413,21996830720,192.25,0
2022-11-30 11:59:00,41619,41619,21844525056,192.8,0
2022-11-30 12:00:00,41551,41551,21884436480,180.75,0
2022-11-30 12:00:00,41625,41625,21917925376,180.74,0
2022-11-30 12:00:00,41481,41481,21815164928,180.84,0
2022-11-30 12:00:00,41827,41827,22031237120,180.8,0
2022-11-30 12:00:00,41410,41410,21992767488,180.85,0
2022-11-30 12:00:00,41693,41693,22023700480,180.74,0
2022-11-30 12:00:00,41413,41413,21996830720,180.78,0
2022-11-30 12:00:00,41619,41619,21844525056,180.78,0
2022-11-30 12:01:00,41551,41551,21884436480,187.22,0
2022-11-30 12:01:00,41625,41625,21917925376,187.34,0
2022-11-30 12:01:00,41481,41481,21815164928,187.46,0
2022-11-30 12:01:00,41827,41827,22031237120,187.39,0
2022-11-30 12:01:00,41410,41410,21992767488,187.51,0
2022-11-30 12:01:00,41693,41693,22023700480,187.42,0
2022-11-30 12:01:00,41413,41413,21996830720,187.39,0
2022-11-30 12:01:00,41619,41619,21844525056,187.31,0
2022-11-30 12:02:00,41551,41551,21884436480,185.13,0
2022-11-30 12:02:00,41625,41625,21917925376,185.22,0
2022-11-30 12:02:00,41481,41481,21815164928,185.32,0
2022-11-30 12:02:00,41827,41827,22031237120,185.35,0
2022-11-30 12:02:00,41410,41410,21992767488,185.51,0
2022-11-30 12:02:00,41693,41693,22023700480,185.19,0
2022-11-30 12:02:00,41413,41413,21996830720,185.27,0
2022-11-30 12:02:00,41619,41619,21844525056,185.25,0
2022-11-30 12:03:00,41551,41551,17325883392,180.45,0
2022-11-30 12:03:00,41625,41625,17358979072,180.08,0
2022-11-30 12:03:00,41481,41481,17256349696,181.34,0
2022-11-30 12:03:00,41827,41827,17472094208,180.56,0
2022-11-30 12:03:00,41410,41410,17433493504,180.92,0
2022-11-30 12:03:00,41693,41693,17461149696,180.42,0
2022-11-30 12:03:00,41413,41413,17437687808,180.07,0
2022-11-30 12:03:00,41619,41619,17285578752,180.0,0
